id,Name,Full_Address,Website,Plus_Code,Rating,Reviews,URL
1,Cuibul Rândunelelor,"Strada Focșani 38, București 052034",cuibulrandunelelor.ro,C358+J7 Bucharest,3.7,777,"https://www.google.com/maps/place/Cuibul+R%C3%A2ndunelelor/@44.4190367,26.0557709,14z/data=!4m8!1m2!2m1!1sRestaurants!3m4!1s0x40b1ff9a7f124dd7:0xa5c21e1ebf4f2138!8m2!3d44.4091173!4d26.0657135?hl=en"
2,Restaurant Casa Lazar,"Strada Sergent Major Nedeleanu Ion, București 051734",business.site,C387+HH Bucharest,4.4,374,"https://www.google.com/maps/place/Restaurant+Casa+Lazar/@44.4190367,26.0557709,14z/data=!4m8!1m2!2m1!1sRestaurants!3m4!1s0x40b1ff83ad9c724f:0xfa2b0767be7ae53a!8m2!3d44.416396!4d26.0639311?hl=en"
3,Story Pizza,"Strada Bârcă 410, București 052034",story-pizza.ro,C358+9Q Bucharest,4.1,368,"https://www.google.com/maps/place/Story+Pizza/@44.4190367,26.0557709,14z/data=!4m8!1m2!2m1!1sRestaurants!3m4!1s0x40b1ff9a0a7eff11:0xe699c3aafb1b27cc!8m2!3d44.4084934!4d26.0669541?hl=en"
4,Interbelic,"Bloc 53A, Aleea Bărbătești 6, București 052034",restaurantinterbelic.ro,C369+QM Bucharest,4.2,241,"https://www.google.com/maps/place/Interbelic/@44.4190367,26.0557709,14z/data=!4m8!1m2!2m1!1sRestaurants!3m4!1s0x40b1ff9b9746b2ff:0xe81ad7169924b2af!8m2!3d44.4118908!4d26.0691421?hl=en"
5,Criogen Catering,"Strada Mărgeanului 57, București 052034",criogencatering.ro,C355+9J Bucharest,5,3,"https://www.google.com/maps/place/Criogen+Catering/@44.4190367,26.0557709,14z/data=!4m8!1m2!2m1!1sRestaurants!3m4!1s0x40b1ff5ea9034ecd:0x6bbb5d9e27380d6a!8m2!3d44.408415!4d26.059016?hl=en"
6,Restaurant Excellence,"Strada Petre Ispirescu 108-112, București 061344",excellence.ro,C385+JV Bucharest,4.4,850,"https://www.google.com/maps/place/Restaurant+Excellence/@44.4190367,26.0557709,14z/data=!4m8!1m2!2m1!1sRestaurants!3m4!1s0x40b1ff8169d4d311:0x69b623c2a04f552b!8m2!3d44.416563!4d26.0596992?hl=en"
7,Casa Banil,"Strada Petre Ispirescu nr 95, București 061344",casabanil.ro,C385+HP Bucharest,4.4,455,"https://www.google.com/maps/place/Casa+Banil/@44.4190367,26.0557709,14z/data=!4m8!1m2!2m1!1sRestaurants!3m4!1s0x40b1ff81154db8d5:0xbc5207df943062c4!8m2!3d44.4164964!4d26.0592806?hl=en"
8,La Colț,"Strada Telița 2, București 052034",la-colt.business.site,C36F+P2 Bucharest,4.3,129,"https://www.google.com/maps/place/La+Col%C8%9B/@44.4190367,26.0557709,14z/data=!4m8!1m2!2m1!1sRestaurants!3m4!1s0x40b1ff99539774fd:0xedc2dddd5157c34c!8m2!3d44.4118487!4d26.072518?hl=en"
9,Restaurante Casa Brandusa,"Strada Novaci 9B, București 061344",facebook.com,C387+QW Bucharest,4,665,"https://www.google.com/maps/place/Restaurante+Casa+Brandusa/@44.4190367,26.0557709,14z/data=!4m8!1m2!2m1!1sRestaurants!3m4!1s0x40b1ff82576a9e67:0x4cf919242ee35378!8m2!3d44.4169629!4d26.0647896?hl=en"
10,Restaurant Elena,"Calea 13 Septembrie 289, București 050074",restaurantelena.ro,C395+9X Bucharest,4.2,637,"https://www.google.com/maps/place/Restaurant+Elena/@44.4190367,26.0557709,14z/data=!4m8!1m2!2m1!1sRestaurants!3m4!1s0x40b1ff81b7522dcf:0x807ac22e72f28bf9!8m2!3d44.418466!4d26.0599?hl=en"
11,Speed Kebab Grill,"Strada Antiaeriană, București",,C385+W8 Bucharest,4.1,834,"https://www.google.com/maps/place/Speed+Kebab+Grill/@44.4190367,26.0557709,14z/data=!4m8!1m2!2m1!1sRestaurants!3m4!1s0x40b1ff811b453251:0xa1de2c24ce8603d1!8m2!3d44.4173113!4d26.0583482?hl=en"
12,Nicole Catering,"Complex Niky Scorpion, Strada Glicinelor 18-26, București 052034",nicolecatering.ro,C346+6Q Bucharest,3.9,67,"https://www.google.com/maps/place/Nicole+Catering/@44.4190367,26.0557709,14z/data=!4m8!1m2!2m1!1sRestaurants!3m4!1s0x40b1ffba248fdac7:0x215b43997d33ae9b!8m2!3d44.4055853!4d26.0619037?hl=en"
13,Mahala,"Calea Rahovei 147-153, București",restaurant-mahala.ro,C3CQ+P3 Bucharest,4.4,678,"https://www.google.com/maps/place/Mahala/@44.4190367,26.0557709,14z/data=!4m8!1m2!2m1!1sRestaurants!3m4!1s0x40b1ff72c070edad:0x7083f36d74f836bb!8m2!3d44.4218399!4d26.0877255?hl=en"
14,Panorama Kebap,"Strada Mărgeanului 115, București",,C376+HH Bucharest,4.4,218,"https://www.google.com/maps/place/Panorama+Kebap/@44.4190367,26.0557709,14z/data=!4m8!1m2!2m1!1sRestaurants!3m4!1s0x40b1ff846582283f:0x8755bf343e2de542!8m2!3d44.4139887!4d26.0613944?hl=en"
15,Taj,"Calea 13 Septembrie 127-131, București 061344",tajrestaurant.ro,C3FF+5J Bucharest,4.4,"1,301","https://www.google.com/maps/place/Taj/@44.4190367,26.0557709,14z/data=!4m8!1m2!2m1!1sRestaurants!3m4!1s0x40b1ff7a7351b74b:0xbc2849a95d03375d!8m2!3d44.422963!4d26.074095?hl=en"
16,Wasabi Running Sushi,"Bulevardul General Vasile Milea 4, București 061344",facebook.com,C3J3+78 Bucharest,4.3,593,"https://www.google.com/maps/place/Wasabi+Running+Sushi/@44.4190367,26.0557709,14z/data=!3m1!5s0x40b201d03ccdfe27:0x9e81b56eb453259c!4m8!1m2!2m1!1sRestaurants!3m4!1s0x40b201d0720c30e7:0x48cf4515f730b947!8m2!3d44.4307313!4d26.0532631?hl=en"
17,Britannia,"Strada Petre Ispirescu 9B, București 051021",business.site,C369+HG Bucharest,4.5,"1,867","https://www.google.com/maps/place/Britannia/@44.4190367,26.0557709,14z/data=!4m8!1m2!2m1!1sRestaurants!3m4!1s0x40b1ff9ba346fd77:0x38784dd175b81a19!8m2!3d44.4114306!4d26.0687538?hl=en"
18,Turkish Clasis Restaurant,"Șoseaua Viilor 27, București",m.facebook.com,C37P+W4 Bucharest,4.3,509,"https://www.google.com/maps/place/Turkish+Clasis+Restaurant/@44.4190367,26.0557709,14z/data=!4m8!1m2!2m1!1sRestaurants!3m4!1s0x40b1ff0a93b509bb:0x143a5df38aa42ac0!8m2!3d44.4148451!4d26.085313?hl=en"
19,Museum Restaurant,"Strada Doctor Clunet 15, București",museumrestaurant.ro,C3JF+XQ Bucharest,4.3,299,"https://www.google.com/maps/place/Museum+Restaurant/@44.4190367,26.0557709,14z/data=!4m8!1m2!2m1!1sRestaurants!3m4!1s0x40b1ff61152a3ea7:0x33de85db33e4119e!8m2!3d44.4324908!4d26.0744399?hl=en"
20,Haute Pepper,"Bulevardul Unirii Nr. 2, București 040104",hautepepper.ro,C3GV+P8 Bucharest,4.5,698,"https://www.google.com/maps/place/Haute+Pepper/@44.4190367,26.0557709,14z/data=!4m8!1m2!2m1!1sRestaurants!3m4!1s0x40b1ff6b584a1765:0x2d2f45f92c8b5534!8m2!3d44.4267737!4d26.0932979?hl=en"
21,Bocca Lupo,"Strada Doctor Joseph Lister no. 1, București 050541",boccalupo.ro,C3MH+H4 Bucharest,4.2,892,"https://www.google.com/maps/place/Bocca+Lupo/@44.434607,25.9715512,10z/data=!4m9!1m3!2m2!1sRestaurants!6e5!3m4!1s0x40b1ff60cb479079:0xa66972650fb3c0c0!8m2!3d44.4338895!4d26.0778714?hl=en"
22,Costelaria,"Calea Rahovei 147-153, București 050892",coaste.ro,C3CP+JV Bucharest,4.4,"1,549","https://www.google.com/maps/place/Costelaria/@44.434607,25.9715512,10z/data=!4m9!1m3!2m2!1sRestaurants!6e5!3m4!1s0x40b1ff72ea0d2bcd:0x924b428110fa8887!8m2!3d44.4215037!4d26.0871613?hl=en"
23,The Mob Burger,"Strada Mărgeanului 83, București 052034",,C365+7X Bucharest,5,8,"https://www.google.com/maps/place/The+Mob+Burger/@44.434607,25.9715512,10z/data=!4m9!1m3!2m2!1sRestaurants!6e5!3m4!1s0x40b1ff0820f16ced:0x16156459bbea79c0!8m2!3d44.410742!4d26.0599971?hl=en"
24,"Coltu` Berarilor Restaurant Evenimente, Botez, Rahova, Sector 5","Strada Frecăței, București 051942",coltu-berarilor.ro,C35C+M3 Bucharest,4.3,413,"https://www.google.com/maps/place/Coltu%60+Berarilor+Restaurant+Evenimente,+Botez,+Rahova,+Sector+5/@44.434607,25.9715512,10z/data=!4m9!1m3!2m2!1sRestaurants!6e5!3m4!1s0x40b1ff998dc281cb:0x1b82027a3874fe91!8m2!3d44.409187!4d26.070172?hl=en"
25,Social 1,"Bulevardul Unirii 1, București 030167",social1.ro,C3HV+38 Bucharest,4.3,"1,469","https://www.google.com/maps/place/Social+1/@44.434607,25.9715512,10z/data=!4m9!1m3!2m2!1sRestaurants!6e5!3m4!1s0x40b1ff6b69f7aaef:0x56726b5e314357f4!8m2!3d44.4276596!4d26.0932636?hl=en"
26,Restaurant & Terasa Trei Camile,"Bulevardul Pieptănari 43, București 052034",treicamile.ro,C32R+RV Bucharest,4.7,189,"https://www.google.com/maps/place/Restaurant+%26+Terasa+Trei+Camile/@44.434607,25.9715512,10z/data=!4m9!1m3!2m2!1sRestaurants!6e5!3m4!1s0x40b1ffb1e22a183f:0x1b83f46e08f7df36!8m2!3d44.402123!4d26.0922378?hl=en"
27,Terasa De La Case,"Strada Tânganului 9, București 061344",,C28R+RJ Bucharest,4.2,237,"https://www.google.com/maps/place/Terasa+De+La+Case/@44.434607,25.9715512,10z/data=!4m9!1m3!2m2!1sRestaurants!6e5!3m4!1s0x40b2002faea57d5f:0xc0d0ab40f1b63497!8m2!3d44.4170192!4d26.0415615?hl=en"
28,Locanta Jaristea,"George Georgescu 50-52, București 040133",jaristea.ro,C3FR+FQ Bucharest,4.3,605,"https://www.google.com/maps/place/Locanta+Jaristea/@44.434607,25.9715512,10z/data=!4m9!1m3!2m2!1sRestaurants!6e5!3m4!1s0x40b1ff12cedcb019:0x865721a76cda4445!8m2!3d44.4236437!4d26.0919367?hl=en"
29,Derby Pub & Restaurant,"Bulevardul Eroii Sanitari 49A, București 050471",derbypub.ro,C3MF+J2 Bucharest,4.2,"1,121","https://www.google.com/maps/place/Derby+Pub+%26+Restaurant/@44.434607,25.9715512,10z/data=!4m9!1m3!2m2!1sRestaurants!6e5!3m4!1s0x40b1ff61b45584b1:0xdcdae002e3fea1de!8m2!3d44.4340588!4d26.0725279?hl=en"
30,Mananci Acasa,,mananciacasa.ro,,3.8,4,"https://www.google.com/maps/place/Mananci+Acasa/@44.434607,25.9715512,10z/data=!4m9!1m3!2m2!1sRestaurants!6e5!3m4!1s0x40b1ff9de57b5093:0x2f4cd21e5f52fed5!8m2!3d44.4378258!4d26.0946376?hl=en"
31,Champions Sports Bar,"Calea 13 Septembrie 90, București 050726",championsbucharest.com,C3GG+7R Bucharest,4.3,149,"https://www.google.com/maps/place/Champions+Sports+Bar/@44.434607,25.9715512,10z/data=!4m9!1m3!2m2!1sRestaurants!6e5!3m4!1s0x40b1ff7aad182d59:0x1e13c9439b369ca0!8m2!3d44.425683!4d26.0770499?hl=en"
32,Restaurant Capitals,"Șoseaua Viilor 42, București",,C37P+3R Bucharest,3.9,61,"https://www.google.com/maps/place/Restaurant+Capitals/@44.434607,25.9715512,10z/data=!4m9!1m3!2m2!1sRestaurants!6e5!3m4!1s0x40b1ff0ad240f8f7:0xdaa038051f4c5c!8m2!3d44.4126779!4d26.0870782?hl=en"
33,Il Cantuccio Ristorante,"Strada Fabrica de Chibrituri 2, București 040554",ilcantuccio.ro,C38V+P6 Bucharest,4.2,"1,742","https://www.google.com/maps/place/Il+Cantuccio+Ristorante/@44.434607,25.9715512,10z/data=!4m9!1m3!2m2!1sRestaurants!6e5!3m4!1s0x40b1ff0954a33291:0x2959a470d0eee344!8m2!3d44.4167647!4d26.0930825?hl=en"
34,Eden House Restaurant,"Str. Corod, Nr. 20,, Sector 5,, (SOS.ALEXANDRIEI, inainte de benzinaria LUKOIL), București 051568",,92VQ+6P Bucharest,4.5,138,"https://www.google.com/maps/place/Eden+House+Restaurant/@44.434607,25.9715512,10z/data=!4m9!1m3!2m2!1sRestaurants!6e5!3m4!1s0x40b1fffa35a1e7ad:0x59a80fb001d6af0d!8m2!3d44.3930085!4d26.0392834?hl=en"
35,Taqueria El Torito - Mancare Mexicana Bucuresti,"Strada Apolodor 3, București 050741",eltorito.ro,C3HV+9R Bucharest,4.5,"1,565","https://www.google.com/maps/place/Taqueria+El+Torito+-+Mancare+Mexicana+Bucuresti/@44.434607,25.9715512,10z/data=!4m9!1m3!2m2!1sRestaurants!6e5!3m4!1s0x40b1ff6b23f0acf7:0x3218437151e11a80!8m2!3d44.4284554!4d26.0945168?hl=en"
36,La Collina Restaurant & Pizzerie,"Strada Pictor Ștefan Dumitrescu 2D, București 041361",lacollina.ro,93XX+W6 Bucharest,4.1,473,"https://www.google.com/maps/place/La+Collina+Restaurant+%26+Pizzerie/@44.434607,25.9715512,10z/data=!4m9!1m3!2m2!1sRestaurants!6e5!3m4!1s0x40b1ffb2b9b1ff31:0x61559ae901d6fdf4!8m2!3d44.3997593!4d26.0981092?hl=en"
37,Wild Cat,"Șoseaua Alexandriei 195B, București 051529",pisicasalbatica.ro,92WP+5V Bucharest,4.2,149,"https://www.google.com/maps/place/Wild+Cat/@44.434607,25.9715512,10z/data=!4m9!1m3!2m2!1sRestaurants!6e5!3m4!1s0x40b1fff9d1cd2809:0xed40bfe2a5d997ff!8m2!3d44.3955!4d26.0372?hl=en"
38,Sharkia,"Strada Luterană 2-4, București 010162",tasteofbucharest.ro,C3RV+95 Bucharest,4.5,388,"https://www.google.com/maps/place/Sharkia/@44.434607,25.9715512,10z/data=!4m9!1m3!2m2!1sRestaurants!6e5!3m4!1s0x40b1ff454d65264b:0xc5bc6d3071016f69!8m2!3d44.4409109!4d26.0928955?hl=en"
39,Trattoria Planet,"Șoseaua Sălaj 363, București 052034",trattoriaplanet.ro,93P6+V8 Bucharest,4.4,276,"https://www.google.com/maps/place/Trattoria+Planet/@44.434607,25.9715512,10z/data=!4m9!1m3!2m2!1sRestaurants!6e5!3m4!1s0x40b1ffdc5b32dac3:0xf99a5186c63cb5bf!8m2!3d44.387228!4d26.060801?hl=en"
40,Pizzeria Alessandro,"Drumul Sării 150, București 061344",alesspizza.ro,C3H6+FF Bucharest,4.5,76,"https://www.google.com/maps/place/Pizzeria+Alessandro/@44.434607,25.9715512,10z/data=!4m9!1m3!2m2!1sRestaurants!6e5!3m4!1s0x40b201d77618843d:0xf4bbbe7274e4de3c!8m2!3d44.4287363!4d26.0612359?hl=en"
41,MICA ELVEŢIE,"Strada Franceză 60, București 030106",micaelvetie.ro,C4H2+WM Bucharest,4.6,450,"https://www.google.com/maps/place/MICA+ELVE%C5%A2IE/@44.430423,26.0396972,13z/data=!4m9!1m3!2m2!1sRestaurants!6e5!3m4!1s0x40b2023cbf12eb07:0xc1c8be8a93d6d3dd!8m2!3d44.4298166!4d26.1016368?hl=en"
42,Le Bistrot Francais,"Strada Nicolae Golescu 18, București 010292",lebistrotfrancais.ro,C3RX+R2 Bucharest,4.7,227,"https://www.google.com/maps/place/Le+Bistrot+Francais/@44.430423,26.0396972,13z/data=!4m9!1m3!2m2!1sRestaurants!6e5!3m4!1s0x40b1ff4f9ca386e9:0x41c5e9b37eec267c!8m2!3d44.4420596!4d26.0975649?hl=en"
43,Amarillo,"Drumul Taberei 44A, București 061344",restaurant-amarillo.ro,C2CM+PJ Bucharest,4.1,559,"https://www.google.com/maps/place/Amarillo/@44.430423,26.0396972,13z/data=!4m9!1m3!2m2!1sRestaurants!6e5!3m4!1s0x40b2003403c11451:0xa940635dd878ac1d!8m2!3d44.4217712!4d26.0340987?hl=en"
44,Noa restoclub,"Calea Victoriei 26, București 030027",noarestoclub.ro,C3MX+F8 Bucharest,4.3,454,"https://www.google.com/maps/place/Noa+restoclub/@44.430423,26.0396972,13z/data=!4m9!1m3!2m2!1sRestaurants!6e5!3m4!1s0x40b1ff40e62db387:0x48b7891484f8844e!8m2!3d44.4337105!4d26.0982584?hl=en"
45,Restaurant Casa Dan,"Strada Fabrica de Chibrituri 39, București 050182",restaurantcasa.ro,C37P+GJ Bucharest,5,1,"https://www.google.com/maps/place/Restaurant+Casa+Dan/@44.430423,26.0396972,13z/data=!4m9!1m3!2m2!1sRestaurants!6e5!3m4!1s0x40b1ff0a77407089:0xed5eac3d6a037efb!8m2!3d44.413766!4d26.086581?hl=en"
46,Energiea,"Strada Ion Brezoianu 4, București 050023",energiea.ro,C3MV+8W Bucharest,4.5,"3,617","https://www.google.com/maps/place/Energiea/@44.430423,26.0396972,13z/data=!4m12!1m3!2m2!1sRestaurants!6e5!3m7!1s0x40b1ff4198828e69:0x934f539ea75c9f7b!5m2!4m1!1i2!8m2!3d44.433268!4d26.094863?hl=en"
47,Stadio,"Strada Ion Câmpineanu 11, București 030167",stadio.ro,C3PX+WM Bucharest,4.3,"2,432","https://www.google.com/maps/place/Stadio/@44.430423,26.0396972,13z/data=!4m9!1m3!2m2!1sRestaurants!6e5!3m4!1s0x40b1ff46f442f399:0x9e471bcdd37b549e!8m2!3d44.4373076!4d26.0991555?hl=en"
48,Pizzeria Volare,"Parter, Calea Văcărești 203B, București",pizzeria-volare.ro,C468+F4 Bucharest,4.7,947,"https://www.google.com/maps/place/Pizzeria+Volare/@44.430423,26.0396972,13z/data=!4m9!1m3!2m2!1sRestaurants!6e5!3m4!1s0x40b1fefe9cf81bed:0x2fae3bd3d466cd36!8m2!3d44.4111496!4d26.1153347?hl=en"
49,Berăria Germana Bucuresti,"Calea Rahovei 157, București",beraria-bucuresti.ro,C3CP+FC Bucharest,4,"1,199","https://www.google.com/maps/place/Ber%C4%83ria+Germana+Bucuresti/@44.430423,26.0396972,13z/data=!4m9!1m3!2m2!1sRestaurants!6e5!3m4!1s0x40b1ff72e5dc102b:0xe6733fa5dca33336!8m2!3d44.421131!4d26.086092?hl=en"
50,Aubergine Restaurant,"Strada Smârdan 33, București 030073",,C3JX+CX Bucharest,4.4,"1,402","https://www.google.com/maps/place/Aubergine+Restaurant/@44.430423,26.0396972,13z/data=!4m9!1m3!2m2!1sRestaurants!6e5!3m4!1s0x40b1ff3fecfc71dd:0xfb9ff38da01ea2c6!8m2!3d44.431117!4d26.099881?hl=en"
51,Restaurant Luca's,"Strada Doctor Constantin Istrati 2, București",restaurantlucas.ro,C39V+JQ Bucharest,4.2,41,"https://www.google.com/maps/place/Restaurant+Luca's/@44.430423,26.0396972,13z/data=!4m9!1m3!2m2!1sRestaurants!6e5!3m4!1s0x40b1ff0e7f80fb07:0x87b31d061b3bc85e!8m2!3d44.4190809!4d26.0944333?hl=en"
52,the ARTIST Restaurant,"Calea Victoriei 147, București 010073",theartist.ro,C3XQ+V5 Bucharest,4.8,680,"https://www.google.com/maps/place/the+ARTIST+Restaurant/@44.430423,26.0396972,13z/data=!4m9!1m3!2m2!1sRestaurants!6e5!3m4!1s0x40b1ff1552ad416b:0x2abf2c819e03401a!8m2!3d44.449707!4d26.087912?hl=en"
53,Excalibur,"Demisol, Strada Academiei 39-41, București 010013",restaurantexcalibur.ro,C3QX+74 Bucharest,4.5,"3,296","https://www.google.com/maps/place/Excalibur/@44.430423,26.0396972,13z/data=!4m9!1m3!2m2!1sRestaurants!6e5!3m4!1s0x40b1ff40c8c411b5:0xc55a9a8263b4bf8!8m2!3d44.4382092!4d26.0978481?hl=en"
54,Bellini Ristorante Italiano,"Strada Ion Ghica 2, București 030046",bellini.ro,C4M2+PP Bucharest,4.3,951,"https://www.google.com/maps/place/Bellini+Ristorante+Italiano/@44.430423,26.0396972,13z/data=!4m9!1m3!2m2!1sRestaurants!6e5!3m4!1s0x40b1ff3f554799e1:0x2ff8edc7d071621a!8m2!3d44.434318!4d26.101791?hl=en"
55,Primus,"Strada George Enescu 3, București 010301",primuspub.ro,C3RV+VR Bucharest,4.5,"1,561","https://www.google.com/maps/place/Primus/@44.430423,26.0396972,13z/data=!4m9!1m3!2m2!1sRestaurants!6e5!3m4!1s0x40b1ff4fe6f3cfdd:0x6e9870202368c93b!8m2!3d44.44216!4d26.094503?hl=en"
56,Bazaar,"Strada Covaci 10, București 030096",thebazaar.ro,C4J2+6R Bucharest,4.4,"1,743","https://www.google.com/maps/place/Bazaar/@44.430423,26.0396972,13z/data=!4m9!1m3!2m2!1sRestaurants!6e5!3m4!1s0x40b1ff3e354afa4f:0x564457f90d8562d0!8m2!3d44.4305506!4d26.1020586?hl=en"
57,Vatra Restaurant,"Strada Ion Brezoianu 19, București 010131",vatra.ro,C3PV+5Q Bucharest,4.3,"1,720","https://www.google.com/maps/place/Vatra+Restaurant/@44.430423,26.0396972,13z/data=!4m9!1m3!2m2!1sRestaurants!6e5!3m4!1s0x40b1ff43fb3b4ddd:0x84df9ce093076328!8m2!3d44.435406!4d26.094498?hl=en"
58,Simbio,"Strada Negustori 26, București 030167",simbio.ro,C4P6+2Q Bucharest,4.6,"2,714","https://www.google.com/maps/place/Simbio/@44.430423,26.0396972,13z/data=!4m9!1m3!2m2!1sRestaurants!6e5!3m4!1s0x40b1ff3a39dad8a3:0x460f12c24605e4b1!8m2!3d44.4350707!4d26.1118922?hl=en"
59,Caffe Citta,"Calea Victoriei 81, București 010065",tasteofbucharest.ro,C3RV+JG Bucharest,4.2,72,"https://www.google.com/maps/place/Caffe+Citta/@44.430423,26.0396972,13z/data=!4m9!1m3!2m2!1sRestaurants!6e5!3m4!1s0x40b1ff4fef39c127:0x27a053284b2d3cd8!8m2!3d44.441622!4d26.09378?hl=en"
60,Restaurant Hanu' lui Manuc,"Strada Franceză 62-64, București 030106",hanumanucrestaurant.ro,C4H2+VW Bucharest,4.3,"7,719","https://www.google.com/maps/place/Restaurant+Hanu'+lui+Manuc/@44.430423,26.0396972,13z/data=!4m9!1m3!2m2!1sRestaurants!6e5!3m4!1s0x40b1ff3e27182fb5:0xd644eea8957dfee2!8m2!3d44.4297202!4d26.1023053?hl=en"
61,Alouette,"Strada Bibescu Vodă 19, București 030167",alouette.ro,C4G2+4X Bucharest,4.5,"1,147","https://www.google.com/maps/place/Alouette/@44.4246184,26.0397297,13z/data=!4m9!1m3!2m2!1sRestaurants!6e5!3m4!1s0x40b1ff16c71c8b4f:0xf1ad42e35627c260!8m2!3d44.4252757!4d26.1023951?hl=en"
62,Restaurant - LA IULICĂ,Bucharest,,92XV+6W Bucharest,3.8,18,"https://www.google.com/maps/place/Restaurant+-+LA+IULIC%C4%82/@44.4246184,26.0397297,13z/data=!4m9!1m3!2m2!1sRestaurants!6e5!3m4!1s0x40b1fff141dce8d5:0xdafd4e4917a90225!8m2!3d44.3981157!4d26.0448158?hl=en"
63,Pasta Restaurant,"Calea Victoriei 14-22, București 030167",,C3MX+G8 Bucharest,4.2,433,"https://www.google.com/maps/place/Pasta+Restaurant/@44.4246184,26.0397297,13z/data=!4m9!1m3!2m2!1sRestaurants!6e5!3m4!1s0x40b1ff40e62db387:0xd38900b0dffb21f!8m2!3d44.4337837!4d26.0982773?hl=en"
64,Prosper Delivery,"Calea 13 Septembrie 221-225, București 061344",,C3C8+44 Bucharest,5,2,"https://www.google.com/maps/place/Prosper+Delivery/@44.4246184,26.0397297,13z/data=!4m9!1m3!2m2!1sRestaurants!6e5!3m4!1s0x40b1fff8c96678f3:0x209f731c7cd47caf!8m2!3d44.4202555!4d26.0653086?hl=en"
65,Casa Banica,"Strada Gazelei 21, București",,C3CQ+5H Bucharest,4.2,121,"https://www.google.com/maps/place/Casa+Banica/@44.4246184,26.0397297,13z/data=!4m9!1m3!2m2!1sRestaurants!6e5!3m4!1s0x40b1ff0d338d06c5:0x9bd317d42289d3c!8m2!3d44.420461!4d26.0889456?hl=en"
66,Old Kitchen,"Strada Sfinții Voievozi 13, București 010963",oldkitchen.ro,C3WM+FQ Bucharest,4.7,266,"https://www.google.com/maps/place/Old+Kitchen/@44.4246184,26.0397297,13z/data=!4m9!1m3!2m2!1sRestaurants!6e5!3m4!1s0x40b1ff57b54968d3:0x353298d4ab0e53d!8m2!3d44.4462466!4d26.0844147?hl=en"
67,Restaurant Hanu' lui Manuc,"Strada Franceză 62-64, București 030106",hanumanucrestaurant.ro,C4H2+VW Bucharest,4.3,"7,719","https://www.google.com/maps/place/Restaurant+Hanu'+lui+Manuc/@44.4246184,26.0397297,13z/data=!4m9!1m3!2m2!1sRestaurants!6e5!3m4!1s0x40b1ff3e27182fb5:0xd644eea8957dfee2!8m2!3d44.4297202!4d26.1023053?hl=en"
68,Restaurant Savart,"Strada George Enescu nr. 2-4, București 010305",savart.ro,C3RW+W4 Bucharest,4.7,201,"https://www.google.com/maps/place/Restaurant+Savart/@44.4246184,26.0397297,13z/data=!4m9!1m3!2m2!1sRestaurants!6e5!3m4!1s0x40b1ff4fc3cbaf3b:0xcc3c3d02aaabf591!8m2!3d44.4422673!4d26.0953597?hl=en"
69,Gyros Thessalonikis • CENTRUL VECHI,"Strada Gabroveni 2, București 030088",gyrosthessalonikis.ro,C4J2+J9 Bucharest,4.2,"2,527","https://www.google.com/maps/place/Gyros+Thessalonikis+%E2%80%A2+CENTRUL+VECHI/@44.4246184,26.0397297,13z/data=!4m9!1m3!2m2!1sRestaurants!6e5!3m4!1s0x40b1ff3fbd5c3ae3:0x37414d405e0c7563!8m2!3d44.4315101!4d26.1009916?hl=en"
70,Ză Lokal,"Calea Victoriei 214, București",facebook.com,C3XQ+X6 Bucharest,4.2,728,"https://www.google.com/maps/place/Z%C4%83+Lokal/@44.4246184,26.0397297,13z/data=!4m9!1m3!2m2!1sRestaurants!6e5!3m4!1s0x40b1ff55a41697a1:0x80b3950c91c86f77!8m2!3d44.449969!4d26.0881228?hl=en"
71,Osteria Zucca,"Strada Jean-Louis Calderon 41, București 030167",osteriazucca.ro,C4R3+3V Bucharest,4.5,421,"https://www.google.com/maps/place/Osteria+Zucca/@44.4246184,26.0397297,13z/data=!4m9!1m3!2m2!1sRestaurants!6e5!3m4!1s0x40b1ff4843386c33:0x4e2872f2eaeb4586!8m2!3d44.4401809!4d26.1046825?hl=en"
72,Restaurant Pengyou,"Strada Occidentului 11, București 010981",pengyou.ro,C3XM+39 Bucharest,4.5,438,"https://www.google.com/maps/place/Restaurant+Pengyou/@44.4246184,26.0397297,13z/data=!4m9!1m3!2m2!1sRestaurants!6e5!3m4!1s0x40b201fdf5abc6d3:0xd944ac7fc2e4b435!8m2!3d44.4477136!4d26.0834386?hl=en"
73,Arcade Cafe,"Strada Smârdan 30, București 030167",arcadecafe.ro,C4J2+52 Bucharest,4.3,"1,580","https://www.google.com/maps/place/Arcade+Cafe/@44.4246184,26.0397297,13z/data=!4m9!1m3!2m2!1sRestaurants!6e5!3m4!1s0x40b1ff3fdbec0a8b:0x3704ef8f3f96be7f!8m2!3d44.4304849!4d26.1000304?hl=en"
74,GINGER SUSHI BAR & LOUNGE,"Calea Victoriei 63-81, București 010065",tasteofbucharest.ro,C3RW+84 Bucharest,4.4,115,"https://www.google.com/maps/place/GINGER+SUSHI+BAR+%26+LOUNGE/@44.4246184,26.0397297,13z/data=!4m9!1m3!2m2!1sRestaurants!6e5!3m4!1s0x40b1ff4ff7dfef31:0xb1f4d81f6408e8cf!8m2!3d44.4408533!4d26.0952544?hl=en"
75,Distrikt 42,"Strada Sfântul Dumitru 3, București 030077",distrikt42.ro,C3JX+9P Bucharest,4.4,"2,072","https://www.google.com/maps/place/Distrikt+42/@44.4246184,26.0397297,13z/data=!4m9!1m3!2m2!1sRestaurants!6e5!3m4!1s0x40b1ff3ff10c3d61:0x8b286d28bfb51297!8m2!3d44.430955!4d26.0992671?hl=en"
76,Restaurant Calise,"Strada Constantin Noica 140A, București",calise.ro,C3QC+W8 Bucharest,4.2,760,"https://www.google.com/maps/place/Restaurant+Calise/@44.4246184,26.0397297,13z/data=!4m9!1m3!2m2!1sRestaurants!6e5!3m4!1s0x40b201e11c083b87:0x90f83a1e3ad4ecfb!8m2!3d44.4397942!4d26.0707718?hl=en"
77,Hugo Restaurant Bucharest,"Strada Clopotarii Vechi 10, București 010654",hugorestaurant.ro,F32R+78 Bucharest,4.6,48,"https://www.google.com/maps/place/Hugo+Restaurant+Bucharest/@44.4246184,26.0397297,13z/data=!4m9!1m3!2m2!1sRestaurants!6e5!3m4!1s0x40b1ff5521306379:0x5bde09baf0b746e!8m2!3d44.450685!4d26.090799?hl=en"
78,Ciorbarie,"Calea Dorobanți 71, București",ciorbaria.ro,F32X+FG Bucharest,4.7,753,"https://www.google.com/maps/place/Ciorbarie/@44.4246184,26.0397297,13z/data=!4m9!1m3!2m2!1sRestaurants!6e5!3m4!1s0x40b1f8ad2022cbfd:0xbcaf5144596676b3!8m2!3d44.4511317!4d26.0988365?hl=en"
79,Boutique du Pain Restaurant Bucuresti,"Strada Academiei 28-30, București 030167",boutiquedupain.ro,C3QX+3C Bucharest,4.4,762,"https://www.google.com/maps/place/Boutique+du+Pain+Restaurant+Bucuresti/@44.4246184,26.0397297,13z/data=!4m9!1m3!2m2!1sRestaurants!6e5!3m4!1s0x40b1ff4687f9138b:0xd4347c254a162ad9!8m2!3d44.4376448!4d26.0985924?hl=en"
80,Fancy Gourmet Street Food,"Strada Piața Amzei 7-9, București 030167",business.site,C3VV+CQ Bucharest,4.4,94,"https://www.google.com/maps/place/Fancy+Gourmet+Street+Food/@44.4246184,26.0397297,13z/data=!4m9!1m3!2m2!1sRestaurants!6e5!3m4!1s0x40b1ff502cd13705:0xdeb1419d71eaa1e1!8m2!3d44.4436088!4d26.0944813?hl=en"
81,Arcade Cafe,"Strada Smârdan 30, București 030167",arcadecafe.ro,C4J2+52 Bucharest,4.3,"1,580","https://www.google.com/maps/place/Arcade+Cafe/@44.4266087,26.0354656,13z/data=!4m9!1m3!2m2!1sRestaurants!6e5!3m4!1s0x40b1ff3fdbec0a8b:0x3704ef8f3f96be7f!8m2!3d44.4304849!4d26.1000304?hl=en"
82,Restaurant Calise,"Strada Constantin Noica 140A, București",calise.ro,C3QC+W8 Bucharest,4.2,760,"https://www.google.com/maps/place/Restaurant+Calise/@44.4266087,26.0354656,13z/data=!4m9!1m3!2m2!1sRestaurants!6e5!3m4!1s0x40b201e11c083b87:0x90f83a1e3ad4ecfb!8m2!3d44.4397942!4d26.0707718?hl=en"
83,Ciorbarie,"Calea Dorobanți 71, București",ciorbaria.ro,F32X+FG Bucharest,4.7,753,"https://www.google.com/maps/place/Ciorbarie/@44.4266087,26.0354656,13z/data=!4m9!1m3!2m2!1sRestaurants!6e5!3m4!1s0x40b1f8ad2022cbfd:0xbcaf5144596676b3!8m2!3d44.4511317!4d26.0988365?hl=en"
84,Trattoria Adagio-Romană,"Strada Tache Ionescu 29, București 030167",,C3WX+2P Bucharest,4.4,465,"https://www.google.com/maps/place/Trattoria+Adagio-Roman%C4%83/@44.4266087,26.0354656,13z/data=!4m9!1m3!2m2!1sRestaurants!6e5!3m4!1s0x40b1ff4dd9a9d513:0x3360e33697c730e9!8m2!3d44.445078!4d26.099327?hl=en"
85,Alouette,"Strada Bibescu Vodă 19, București 030167",alouette.ro,C4G2+4X Bucharest,4.5,"1,147","https://www.google.com/maps/place/Alouette/@44.4266087,26.0354656,13z/data=!4m9!1m3!2m2!1sRestaurants!6e5!3m4!1s0x40b1ff16c71c8b4f:0xf1ad42e35627c260!8m2!3d44.4252757!4d26.1023951?hl=en"
86,Beijing Garden,"Strada Berzei 66, București",,C3RJ+WC Bucharest,4.5,633,"https://www.google.com/maps/place/Beijing+Garden/@44.4266087,26.0354656,13z/data=!4m9!1m3!2m2!1sRestaurants!6e5!3m4!1s0x40b1ff58437108f3:0xb2ab4988947ced9d!8m2!3d44.4422538!4d26.0810903?hl=en"
87,"""Tulin"" Restaurant","Strada Constantin D. Stahi 2, București 010188",restauranttulin.ro,C3QP+PP Bucharest,4.5,674,"https://www.google.com/maps/place/%22Tulin%22+Restaurant/@44.4266087,26.0354656,13z/data=!4m9!1m3!2m2!1sRestaurants!6e5!3m4!1s0x40b1ff5b9f7bf6ad:0xb2748379e285c897!8m2!3d44.4393348!4d26.0867599?hl=en"
88,Cișmigiu - Bistro La Etaj,"Bulevardul Regina Elisabeta 38, București 030167",cismigiu.ro,C3MV+WW Bucharest,4.6,371,"https://www.google.com/maps/place/Ci%C8%99migiu+-+Bistro+La+Etaj/@44.4266087,26.0354656,13z/data=!4m9!1m3!2m2!1sRestaurants!6e5!3m4!1s0x40b1ff08b8f11367:0xa8ecd8eeda61d240!8m2!3d44.4347995!4d26.0947912?hl=en"
89,Galletto Ristorante,"Strada Căderea Bastiliei 78, București",galletto.ro,F32W+M5 Bucharest,4.4,736,"https://www.google.com/maps/place/Galletto+Ristorante/@44.4266087,26.0354656,13z/data=!4m9!1m3!2m2!1sRestaurants!6e5!3m4!1s0x40b1f8aca0b0c4b5:0xd3f2bae92ca77876!8m2!3d44.4516977!4d26.0954974?hl=en"
90,Restaurant La Ciurucuri,"Piața Valter Mărăcineanu, București 030167",laciurucuri.ro,C3PV+R8 Bucharest,4.1,522,"https://www.google.com/maps/place/Restaurant+La+Ciurucuri/@44.4266087,26.0354656,13z/data=!4m9!1m3!2m2!1sRestaurants!6e5!3m4!1s0x40b1ff44636c777b:0x69073a457d703411!8m2!3d44.4371041!4d26.093255?hl=en"
91,Floreal,"Șoseaua Giurgiului 90, București 040654",restaurantfloreal.ro,93VV+C7 Bucharest,4.4,291,"https://www.google.com/maps/place/Floreal/@44.4266087,26.0354656,13z/data=!4m9!1m3!2m2!1sRestaurants!6e5!3m4!1s0x40b1fe4acafa9207:0xa240a8ab945ec811!8m2!3d44.393601!4d26.093181?hl=en"
92,Jollero Restaurant,"Drumul Taberei 115, București 061378",,C29J+F4 Bucharest,4,96,"https://www.google.com/maps/place/Jollero+Restaurant/@44.4266087,26.0354656,13z/data=!4m9!1m3!2m2!1sRestaurants!6e5!3m4!1s0x40b2003857cc32fb:0x77ef46ea8d84947a!8m2!3d44.4186511!4d26.0302675?hl=en"
93,CAJU by JOSEPH HADAD,"Strada Nicolae Golescu 16, București 030167",cajubyjosephhadad.ro,C3RX+P3 Bucharest,4.3,"1,444","https://www.google.com/maps/place/CAJU+by+JOSEPH+HADAD/@44.4266087,26.0354656,13z/data=!4m9!1m3!2m2!1sRestaurants!6e5!3m4!1s0x40b1ff4f0bcffffb:0x7b0d1c515e3c579c!8m2!3d44.4418559!4d26.09772?hl=en"
94,The Harbour,"Strada Piața Amzei 10-22, București 030167",harbour.ro,C3VW+F8 Bucharest,4.2,357,"https://www.google.com/maps/place/The+Harbour/@44.4266087,26.0354656,13z/data=!4m9!1m3!2m2!1sRestaurants!6e5!3m4!1s0x40b1ff40852f4735:0xd4712cab695c3977!8m2!3d44.4436836!4d26.095782?hl=en"
95,La Mama,"Strada Episcopiei 9, București 030167",lamama.ro,C3RW+WR Bucharest,4,"3,237","https://www.google.com/maps/place/La+Mama/@44.4266087,26.0354656,13z/data=!4m9!1m3!2m2!1sRestaurants!6e5!3m4!1s0x40b1ff4f9f5de941:0xc28ab89236eb4089!8m2!3d44.4423606!4d26.0970988?hl=en"
96,Gilda Music Lounge,"Strada Lipscani 53, București 030167",gildamusiclounge.ro,C4J2+QG Bucharest,4.3,710,"https://www.google.com/maps/place/Gilda+Music+Lounge/@44.4266087,26.0354656,13z/data=!4m9!1m3!2m2!1sRestaurants!6e5!3m4!1s0x40b1ff3f9f6546cf:0xf50e3a5d3df2963d!8m2!3d44.4319031!4d26.101254?hl=en"
97,Alfalemanki,"Strada Progresului 90-100, București 050693",,C3CC+G8 Bucharest,4.7,23,"https://www.google.com/maps/place/Alfalemanki/@44.4266087,26.0354656,13z/data=!4m9!1m3!2m2!1sRestaurants!6e5!3m4!1s0x40b1ff2ff8a18713:0xdf675e7f392e42c!8m2!3d44.4213348!4d26.0708249?hl=en"
98,Restaurant spaniol Pata Negra Bucuresti,"Strada Washington 11, București 011792",,F34R+7J Bucharest,4.6,416,"https://www.google.com/maps/place/Restaurant+spaniol+Pata+Negra+Bucuresti/@44.4266087,26.0354656,13z/data=!4m9!1m3!2m2!1sRestaurants!6e5!3m4!1s0x40b1ff59ca690eff:0x7ed5bc2f71ac527!8m2!3d44.4556314!4d26.0915514?hl=en"
99,La Pescăria Dorobanților,"Intrarea Tudor Ștefan, București 011656",,F35W+VR Bucharest,4.8,296,"https://www.google.com/maps/place/La+Pesc%C4%83ria+Doroban%C8%9Bilor/@44.4266087,26.0354656,13z/data=!4m9!1m3!2m2!1sRestaurants!6e5!3m4!1s0x40b1f8a80d7e99d9:0x17957eac94117560!8m2!3d44.459627!4d26.097061?hl=en"
100,Zexe,"Strada Icoanei 80, București",zexe.ro,C4X6+C7 Bucharest,4.5,"1,675","https://www.google.com/maps/place/Zexe/@44.4266087,26.0354656,13z/data=!4m9!1m3!2m2!1sRestaurants!6e5!3m4!1s0x40b1f8b4e8bd0729:0x3cbdce72586c290e!8m2!3d44.448513!4d26.1107026?hl=en"
101,Sindbad,"Strada Lipscani 19, București 030031",restaurantsindbad.ro,C3MX+36 Bucharest,4.4,532,"https://www.google.com/maps/place/Sindbad/@44.4322757,26.0493058,13z/data=!4m9!1m3!2m2!1sRestaurants!6e5!3m4!1s0x40b1ff405e449a39:0x623178d9724aa571!8m2!3d44.4326507!4d26.098003?hl=en"
102,Saray,"Strada Lipscani 21, București 030167",,C3MX+29 Bucharest,4.2,506,"https://www.google.com/maps/place/Saray/@44.4322757,26.0493058,13z/data=!4m9!1m3!2m2!1sRestaurants!6e5!3m4!1s0x40b1ff4060b9c555:0x3b2c19399030febb!8m2!3d44.4325993!4d26.098406?hl=en"
103,YUKI japanese home dining,"Strada Puțul lui Zamfir 5, București 011681",yukihomedining.ro,F36W+84 Bucharest,4.7,317,"https://www.google.com/maps/place/YUKI+japanese+home+dining/@44.4322757,26.0493058,13z/data=!4m9!1m3!2m2!1sRestaurants!6e5!3m4!1s0x40b20207e1e8a927:0x65a91c522fad7482!8m2!3d44.460802!4d26.0952959?hl=en"
104,Calif,"Bulevardul Iuliu Maniu 12, București 061344",calif.ro,C2MR+R6 Bucharest,4.2,"2,725","https://www.google.com/maps/place/Calif/@44.4322757,26.0493058,13z/data=!4m9!1m3!2m2!1sRestaurants!6e5!3m4!1s0x40b201c807fd8d6b:0xcee5b4ce9f2c9c46!8m2!3d44.4346073!4d26.0405495?hl=en"
105,Cucinetta,"Intrarea Tudor Ștefan 32, București 011657",cucinetta.ro,F35X+R3 Bucharest,4.7,165,"https://www.google.com/maps/place/Cucinetta/@44.4322757,26.0493058,13z/data=!4m9!1m3!2m2!1sRestaurants!6e5!3m4!1s0x40b1f9a5c1f26925:0xb3d538c96a7462c!8m2!3d44.4596059!4d26.097695?hl=en"
106,Chocolat,"Strada Episcopiei 6, București 030167",chocolat.com.ro,C3RW+QW Bucharest,4.3,"1,378","https://www.google.com/maps/place/Chocolat/@44.4322757,26.0493058,13z/data=!4m9!1m3!2m2!1sRestaurants!6e5!3m4!1s0x40b1ff4fa0d1c1d3:0xcb1dd7be69496584!8m2!3d44.4419795!4d26.0973397?hl=en"
107,Fish House,"Calea Floreasca 91-111, București 014455",fish-house.ro,F35X+RX Bucharest,4.6,350,"https://www.google.com/maps/place/Fish+House/@44.4322757,26.0493058,13z/data=!4m9!1m3!2m2!1sRestaurants!6e5!3m4!1s0x40b1f8a629ca20d5:0x41138fcfce43da4e!8m2!3d44.4595988!4d26.0998765?hl=en"
108,Pizza KA Rahova,"soseaua alexandriei 76 bl PC 8, București 051536",pizzaka.ro,C335+G4 Bucharest,3.9,171,"https://www.google.com/maps/place/Pizza+KA+Rahova/@44.4322757,26.0493058,13z/data=!4m9!1m3!2m2!1sRestaurants!6e5!3m4!1s0x40b1ff92658ef9d7:0x1eadab4d6db2923c!8m2!3d44.4037601!4d26.0578186?hl=en"
109,Vivo Fusion Food Bar Afi,"Bld Timișoara 4a, București 061344",vivofoodbar.com,C3H2+GP Bucharest,4.6,"1,552","https://www.google.com/maps/place/Vivo+Fusion+Food+Bar+Afi/@44.4322757,26.0493058,13z/data=!4m9!1m3!2m2!1sRestaurants!6e5!3m4!1s0x40b201d1b9e4edc5:0x8fbe029a6a88351!8m2!3d44.4288501!4d26.0518569?hl=en"
110,Casa Doina,"Şoseaua Pavel D. Kiseleff 4, București",casadoina.ro,F35M+H7 Bucharest,4.5,"1,272","https://www.google.com/maps/place/Casa+Doina/@44.4322757,26.0493058,13z/data=!4m9!1m3!2m2!1sRestaurants!6e5!3m4!1s0x40b202047e972a39:0xe28136d911ca5a33!8m2!3d44.4589716!4d26.0831715?hl=en"
111,Sardin,"Bulevardul Mircea Vodă 39H, București 030167",sardin.ro,C4C7+25 Bucharest,4.4,490,"https://www.google.com/maps/place/Sardin/@44.4322757,26.0493058,13z/data=!4m9!1m3!2m2!1sRestaurants!6e5!3m4!1s0x40b1ff1c0d5aa4e1:0xfa21392cd6c537d5!8m2!3d44.4200199!4d26.1129733?hl=en"
112,Restaurant Casa,"Intrarea Spătarului 4, București 030167",restaurant-casa.business.site,C4Q7+74 Bucharest,4.5,363,"https://www.google.com/maps/place/Restaurant+Casa/@44.4322757,26.0493058,13z/data=!4m9!1m3!2m2!1sRestaurants!6e5!3m4!1s0x40b1ff373149b70b:0xaa1af24fb9a8c7a6!8m2!3d44.438236!4d26.112764?hl=en"
113,Borsalino,"Bulevardul Ion C. Brătianu 44, București 030177",bucuresti.borsalino.ro,C4H3+Q9 Bucharest,4.4,"1,208","https://www.google.com/maps/place/Borsalino/@44.4322757,26.0493058,13z/data=!4m9!1m3!2m2!1sRestaurants!6e5!3m4!1s0x40b1ff3e1bc5bf7b:0xaeaf4a262f118d1d!8m2!3d44.4294828!4d26.1033953?hl=en"
114,Modelier,"Strada Duzilor 12, București 021472",facebook.com,C4PH+F6 Bucharest,4.7,"2,473","https://www.google.com/maps/place/Modelier/@44.4322757,26.0493058,13z/data=!4m9!1m3!2m2!1sRestaurants!6e5!3m4!1s0x40b1ff2939782f43:0xa7c9bc954f6c21d1!8m2!3d44.43614!4d26.128101?hl=en"
115,Animaletto Pizza Bar,"Strada I.C. Visarion 10 Parter, București 030167",animaletto.ro,C3XW+73 Bucharest,4.6,"1,246","https://www.google.com/maps/place/Animaletto+Pizza+Bar/@44.4322757,26.0493058,13z/data=!4m9!1m3!2m2!1sRestaurants!6e5!3m4!1s0x40b1ff53a9564bad:0x9afb8c6ed4c38351!8m2!3d44.4481583!4d26.0952468?hl=en"
116,Vacamuuu,"Calea Floreasca 111, București",vacamuuu.com,F452+X6 Bucharest,4.3,"1,394","https://www.google.com/maps/place/Vacamuuu/@44.4322757,26.0493058,13z/data=!4m9!1m3!2m2!1sRestaurants!6e5!3m4!1s0x40b1f8a6254bfae9:0xb585aacde14a9443!8m2!3d44.4599565!4d26.1006215?hl=en"
117,Gastronomika,"Strada Ion Neculce 63, București 011254",gastronomika.ro,F35F+5Q Bucharest,4.5,318,"https://www.google.com/maps/place/Gastronomika/@44.4322757,26.0493058,13z/data=!4m9!1m3!2m2!1sRestaurants!6e5!3m4!1s0x40b2021d01516a4d:0xa586ce2449d07582!8m2!3d44.4578925!4d26.074467?hl=en"
118,Pow Wow,"Calea Victoriei 102-108, București 010091",,C3RV+QX Bucharest,4.5,402,"https://www.google.com/maps/place/Pow+Wow/@44.4322757,26.0493058,13z/data=!4m9!1m3!2m2!1sRestaurants!6e5!3m4!1s0x40b1ff4fef17b067:0x8aea0a4497122181!8m2!3d44.441952!4d26.0949821?hl=en"
119,Dianei 4,"Strada Dianei NR 4, București 020972",dianei4.translucid.ro,C4P4+VP Bucharest,4.4,"2,294","https://www.google.com/maps/place/Dianei+4/@44.4322757,26.0493058,13z/data=!4m9!1m3!2m2!1sRestaurants!6e5!3m4!1s0x40b1ff383f405157:0x3b5e8c49f30c485d!8m2!3d44.4371386!4d26.1067592?hl=en"
120,Raionul de Pește Dorobanti,"Calea Floreasca 113, București 014455",raionulfloreasca.com,F462+45 Bucharest,4.6,377,"https://www.google.com/maps/place/Raionul+de+Pe%C8%99te+Dorobanti/@44.4322757,26.0493058,13z/data=!4m9!1m3!2m2!1sRestaurants!6e5!3m4!1s0x40b20207d881fffb:0xdddea41934197180!8m2!3d44.4602853!4d26.1004698?hl=en"
121,Marty Plaza București,"Sun Plaza Shopping Center, No. 391, Calea Văcărești, București 040055",martyrestaurants.com,94VC+WW Bucharest,4.3,614,"https://www.google.com/maps/place/Marty+Plaza+Bucure%C8%99ti/@44.4349028,26.1482996,11z/data=!4m9!1m3!2m2!1sRestaurants!6e5!3m4!1s0x47490c274f500001:0x62b2258622ffded!8m2!3d44.3948185!4d26.1223615?hl=en"
122,Gedo Restaurant,"Strada Profesor Ion Maiorescu 18, București 030167",,C4WF+43 Bucharest,4.6,369,"https://www.google.com/maps/place/Gedo+Restaurant/@44.4349028,26.1482996,11z/data=!4m9!1m3!2m2!1sRestaurants!6e5!3m4!1s0x40b1f8ccca901e69:0x1d26fd8bdd4a151d!8m2!3d44.4453469!4d26.1227237?hl=en"
123,La Samuelle,"Piața Charles de Gaulle 3-5, București",la-samuelle.ro,F38P+C2 Bucharest,4.6,642,"https://www.google.com/maps/place/La+Samuelle/@44.4349028,26.1482996,11z/data=!4m9!1m3!2m2!1sRestaurants!6e5!3m4!1s0x40b20211d035d64f:0xc4abb44df465978d!8m2!3d44.4660412!4d26.0851221?hl=en"
124,Restaurant Elisabeta,"Bulevardul Regina Elisabeta 45, București 030167",restaurantelisabeta.ro,C3MV+RJ Bucharest,4.3,296,"https://www.google.com/maps/place/Restaurant+Elisabeta/@44.4349028,26.1482996,11z/data=!4m9!1m3!2m2!1sRestaurants!6e5!3m4!1s0x40b1ff43cdd9a779:0xc9f16c8255ac5b2c!8m2!3d44.4345345!4d26.0940823?hl=en"
125,WINESTONE VICTORIEI 37,"Calea Victoriei 37B, București 010061",restaurants.accorhotels.com,C3PW+QX Bucharest,4.7,32,"https://www.google.com/maps/place/WINESTONE+VICTORIEI+37/@44.4349028,26.1482996,11z/data=!4m9!1m3!2m2!1sRestaurants!6e5!3m4!1s0x40b1ff4697648c6b:0x888b7800ab77dd9a!8m2!3d44.4369172!4d26.0974867?hl=en"
126,BAVS URBAN FOOD BAR,"Strada Sibiu, București 061344",facebook.com,C2GW+38 Bucharest,4.7,81,"https://www.google.com/maps/place/BAVS+URBAN+FOOD+BAR/@44.4251374,25.9057575,11z/data=!4m9!1m3!2m2!1sRestaurants!6e5!3m4!1s0x40b2019bb8b5f961:0xf322e29e4bf7f3be!8m2!3d44.4251374!4d26.0458332?hl=en"
127,La Mama,"Strada Băcani 1, București 030167",lamama.ro,C4J3+Q2 Bucharest,3.9,"1,478","https://www.google.com/maps/place/La+Mama/@44.4349028,26.1482996,11z/data=!4m9!1m3!2m2!1sRestaurants!6e5!3m4!1s0x40b1ff3f076192fd:0xfb6981f24d49f9e7!8m2!3d44.431909!4d26.1025489?hl=en"
128,Trattoria Fresca,"Strada Popa Nan 140, București 030582",trattoriafresca.ro,C4HG+RF Bucharest,4.6,827,"https://www.google.com/maps/place/Trattoria+Fresca/@44.4349028,26.1482996,11z/data=!4m9!1m3!2m2!1sRestaurants!6e5!3m4!1s0x40b1ff2740f5bd01:0x728d325d6e7ef531!8m2!3d44.429535!4d26.1262336?hl=en"
129,"""Salt & Pepper"" Restaurant","Strada Viorele 26, București",facebook.com,C477+X3 Bucharest,4.3,"1,072","https://www.google.com/maps/place/%22Salt+%26+Pepper%22+Restaurant/@44.4349028,26.1482996,11z/data=!4m9!1m3!2m2!1sRestaurants!6e5!3m4!1s0x40b1ff028fa93da7:0x57e19f4ce19157aa!8m2!3d44.414997!4d26.1126821?hl=en"
130,Osho,"Bulevardul Primăverii 19-21, București 011972",osho-restaurant.ro,F39Q+7V Bucharest,4.6,"1,838","https://www.google.com/maps/place/Osho/@44.4349028,26.1482996,11z/data=!4m9!1m3!2m2!1sRestaurants!6e5!3m4!1s0x40b2020deaa0e9f1:0xd34398eb897669ab!8m2!3d44.4681804!4d26.0896954?hl=en"
131,Restaurant Pescăruș,"Aleea Pescăruș 1, București 011851",restaurantpescarus.ro,F3FP+26 Bucharest,4.3,"3,298","https://www.google.com/maps/place/Restaurant+Pesc%C4%83ru%C8%99/@44.4349028,26.1482996,11z/data=!4m9!1m3!2m2!1sRestaurants!6e5!3m4!1s0x40b202135117d13f:0x4c1e1692c6c4f9d9!8m2!3d44.4726024!4d26.0855252?hl=en"
132,La Plăcinte,"Bulevardul General Gheorghe Magheru 26, București 030167",laplacinte.ro,C3VX+W8 Bucharest,4.2,"2,517","https://www.google.com/maps/place/La+Pl%C4%83cinte/@44.4349028,26.1482996,11z/data=!4m9!1m3!2m2!1sRestaurants!6e5!3m4!1s0x40b1ff4e0c9e3475:0x5a45aaf68ae04fe5!8m2!3d44.4448507!4d26.0982752?hl=en"
133,Business Land Restaurant,"Bulevardul Regina Maria 43, București 040126",businesslandrestaurant.ro,C3CR+QJ Bucharest,,,"https://www.google.com/maps/place/Business+Land+Restaurant/@44.4349028,26.1482996,11z/data=!4m9!1m3!2m2!1sRestaurants!6e5!3m4!1s0x40b1fe15be52725d:0x7070fc5163d6d16b!8m2!3d44.421881!4d26.091523?hl=en"
134,Piccolo Mondo,"Strada Clucerului 9, București",piccolomondo.ro,F35H+X2 Bucharest,4.3,930,"https://www.google.com/maps/place/Piccolo+Mondo/@44.4599652,25.9374319,11z/data=!4m12!1m3!2m2!1sRestaurants!6e5!3m7!1s0x40b20219f50592bf:0x44b6124a4788d8d8!5m2!4m1!1i2!8m2!3d44.4599652!4d26.0775076?hl=en"
135,DonCafe Brasserie,"011833, Strada Ankara 7, București 011833",,F35V+R7 Bucharest,4.5,792,"https://www.google.com/maps/place/DonCafe+Brasserie/@44.4349028,26.1482996,11z/data=!4m9!1m3!2m2!1sRestaurants!6e5!3m4!1s0x40b20207bd9b135f:0x12629b6235600079!8m2!3d44.4595415!4d26.0932487?hl=en"
136,Gambrinus,"Bulevardul Regina Elisabeta 38, București 050017",restaurantgambrinus.ro,C3MV+WW Bucharest,4.1,"1,361","https://www.google.com/maps/place/Gambrinus/@44.4349028,26.1482996,11z/data=!4m9!1m3!2m2!1sRestaurants!6e5!3m4!1s0x40b1ff416120aa97:0x7c70c669642d2efc!8m2!3d44.4347995!4d26.0947912?hl=en"
137,Uptown,"Strada Rabat 2, București 011836",uptown.ro,F35Q+GF Bucharest,4.4,203,"https://www.google.com/maps/place/Uptown/@44.4349028,26.1482996,11z/data=!4m9!1m3!2m2!1sRestaurants!6e5!3m4!1s0x40b20206eb49b66d:0xde958d974f8089f8!8m2!3d44.4588045!4d26.0886914?hl=en"
138,Poesia,"Bulevardul Aviatorilor 76, București 014192",poesia.ro,F38P+WX Bucharest,4.6,512,"https://www.google.com/maps/place/Poesia/@44.4349028,26.1482996,11z/data=!4m9!1m3!2m2!1sRestaurants!6e5!3m4!1s0x40b20211fe0ec2c5:0x8d52e9e60a1f0d5c!8m2!3d44.4672684!4d26.0874098?hl=en"
139,Il Villagio,"Strada Alexandru D. Xenopol 8-10, București 030167",ilvillagio.ro,C4V3+F7 Bucharest,4.4,440,"https://www.google.com/maps/place/Il+Villagio/@44.4349028,26.1482996,11z/data=!4m9!1m3!2m2!1sRestaurants!6e5!3m4!1s0x40b1ff4954a1f137:0x6faef31739e62bb8!8m2!3d44.4436673!4d26.1032441?hl=en"
140,Restaurant Covrigelul Macului,"Strada Cobadin 1-2, București 052034",,C379+P6 Bucharest,,,"https://www.google.com/maps/place/Restaurant+Covrigelul+Macului/@44.4143668,25.9279428,11z/data=!4m9!1m3!2m2!1sRestaurants!6e5!3m4!1s0x40b1ffb8935bcad9:0x95b54510b74cb05!8m2!3d44.4143668!4d26.0680185?hl=en"
141,Restaurant Vanity,"Splaiul Independenței 315B, București",restaurantvanity.ro,C3V3+H4 Bucharest,4.2,894,"https://www.google.com/maps/place/Restaurant+Vanity/@44.4438889,25.9127021,11z/data=!4m9!1m3!2m2!1sRestaurants!6e5!3m4!1s0x40b201ea543710a3:0x7434e70ef6d179a6!8m2!3d44.4438889!4d26.0527778?hl=en"
142,Gargantua KSLF,"Strada Monetăriei 14, București 011216",restaurantgargantua.ro,F33M+Q2 Bucharest,4.2,765,"https://www.google.com/maps/place/Gargantua+KSLF/@44.4349028,26.1482996,11z/data=!4m9!1m3!2m2!1sRestaurants!6e5!3m4!1s0x40b20201f80c1cb3:0xa249be317c7536d0!8m2!3d44.4544657!4d26.0825311?hl=en"
143,Restaurant Da Mario,"Bulevardul Mărășești nr. 2B, București",facebook.com,C39W+FM Bucharest,,,"https://www.google.com/maps/place/Restaurant+Da+Mario/@44.4349028,26.1482996,11z/data=!4m9!1m3!2m2!1sRestaurants!6e5!3m4!1s0x40b1ffae167e8639:0xe70bc753547a046b!8m2!3d44.4187343!4d26.0967321?hl=en"
144,Habibi Kebab,"Strada Șelari 17, București 030068",facebook.com,C4J2+37 Bucharest,4.2,218,"https://www.google.com/maps/place/Habibi+Kebab/@44.4349028,26.1482996,11z/data=!4m9!1m3!2m2!1sRestaurants!6e5!3m4!1s0x40b1ff3fd09396df:0xae4f7b229388afba!8m2!3d44.4301804!4d26.1006966?hl=en"
145,Li-Wu,"Bulevardul Ion C. Brătianu 38, București 030167",liwu.ro,C4J3+F8 Bucharest,4.5,814,"https://www.google.com/maps/place/Li-Wu/@44.4349028,26.1482996,11z/data=!4m9!1m3!2m2!1sRestaurants!6e5!3m4!1s0x40b1ff3e4d5b57a7:0xe8afa31e80ccd9ba!8m2!3d44.4312134!4d26.1033103?hl=en"
146,Casa Oamenilor de Știință,"Piața Lahovari 9, București 030167",cos-restaurant-bucuresti.ro,C3WX+8J Bucharest,3.9,320,"https://www.google.com/maps/place/Casa+Oamenilor+de+%C8%98tiin%C8%9B%C4%83/@44.4349028,26.1482996,11z/data=!4m9!1m3!2m2!1sRestaurants!6e5!3m4!1s0x40b1ff4de9a804eb:0x58d2c9cbb7bb57f8!8m2!3d44.4457826!4d26.0991135?hl=en"
147,Mozzafiato Ristorante & Bar,"Calea Floreasca 133, București",mozzafiato.ro,F462+FC Bucharest,4.6,269,"https://www.google.com/maps/place/Mozzafiato+Ristorante+%26+Bar/@44.4349028,26.1482996,11z/data=!4m9!1m3!2m2!1sRestaurants!6e5!3m4!1s0x40b1f8a07f784f3f:0xfd0c1b12b6c3b399!8m2!3d44.4612061!4d26.1010319?hl=en"
148,Furgoneta Street Chefs,"Strada Buzești 59, București",facebook.com,C3XM+Q5 Bucharest,4.4,178,"https://www.google.com/maps/place/Furgoneta+Street+Chefs/@44.4349028,26.1482996,11z/data=!4m9!1m3!2m2!1sRestaurants!6e5!3m4!1s0x40b201fe72461253:0xb56067aa2187f154!8m2!3d44.4494025!4d26.0829954?hl=en"
149,Mesopotamia,"Value Centre, Strada Mihail Sebastian 88 Vulcan, București 050778",mesopotamia.ro,C39C+4R Bucharest,4.1,31,"https://www.google.com/maps/place/Mesopotamia/@44.4177546,25.9319484,11z/data=!3m1!5s0x40b1ff77da5044d7:0x8539bf0efeeaeddc!4m9!1m3!2m2!1sRestaurants!6e5!3m4!1s0x40b1ff77c2f28209:0x325b33bd89f3b132!8m2!3d44.4177546!4d26.0720241?hl=en"
150,Resto Aperto,"Calea Vitan 55-59, București 031282",restoaperto.ro,C49G+RP Bucharest,4.5,686,"https://www.google.com/maps/place/Resto+Aperto/@44.4349028,26.1482996,11z/data=!4m9!1m3!2m2!1sRestaurants!6e5!3m4!1s0x40b1fee6b67c363f:0x5b23e5c2c841c33d!8m2!3d44.4195488!4d26.1267587?hl=en"
151,Nor Sky Casual Restaurant,"Strada Barbu Văcărescu 201, București 077190",norbucharest.ro,F4H3+6R Bucharest,4.6,"2,263","https://www.google.com/maps/place/Nor+Sky+Casual+Restaurant/@44.4349028,26.1482996,11z/data=!4m9!1m3!2m2!1sRestaurants!6e5!3m4!1s0x40b20270a872cf5b:0xe75911cccef5dcdf!8m2!3d44.4780202!4d26.1046237?hl=en"
152,Silk Panoramic Restaurant,"Strada Ion Nistor nr. 4, București 030041",,C4M2+VQ Bucharest,4,304,"https://www.google.com/maps/place/Silk+Panoramic+Restaurant/@44.4349028,26.1482996,11z/data=!4m9!1m3!2m2!1sRestaurants!6e5!3m4!1s0x40b1ff4755cc0001:0x6d5b5a593f9a3ee5!8m2!3d44.434716!4d26.101938?hl=en"
153,Restaurant Berarie Centru Bucuresti - La Nenea Iancu - Pub Bucharest Center,"Strada Romulus 55, București 030561",laneneaiancu.ro,C4J7+8X Bucharest,4.4,659,"https://www.google.com/maps/place/Restaurant+Berarie+Centru+Bucuresti+-+La+Nenea+Iancu+-+Pub+Bucharest+Center/@44.4349028,26.1482996,11z/data=!4m9!1m3!2m2!1sRestaurants!6e5!3m4!1s0x40b1ff235a6013bd:0xc04218e42561d77d!8m2!3d44.4308019!4d26.1149694?hl=en"
154,Zen Garden Restaurant Chinezesc,"Strada Silvestru 3, București 030167",zen-garden-restaurant.ro,C4R6+4V Bucharest,4.2,241,"https://www.google.com/maps/place/Zen+Garden+Restaurant+Chinezesc/@44.4349028,26.1482996,11z/data=!4m9!1m3!2m2!1sRestaurants!6e5!3m4!1s0x40b1ff36f3a5996d:0xfca2ac34bfcf973f!8m2!3d44.440327!4d26.11218?hl=en"
155,Seoul Restaurant,"Strada Aviator Mircea Zorileanu 89, București 012054",restaurantkorean.ro,F39C+JM Bucharest,4.5,661,"https://www.google.com/maps/place/Seoul+Restaurant/@44.4691133,25.9315538,11z/data=!4m9!1m3!2m2!1sRestaurants!6e5!3m4!1s0x40b203b656e8e50b:0x4d49e5fa22004f05!8m2!3d44.4691133!4d26.0716295?hl=en"
156,Chez Marie Garden,"Strada General H. M. Berthelot 44, București",chezmariegarden.ro,C3RP+FV Bucharest,3.9,391,"https://www.google.com/maps/place/Chez+Marie+Garden/@44.4349028,26.1482996,11z/data=!4m9!1m3!2m2!1sRestaurants!6e5!3m4!1s0x40b1ff5a47e54e6b:0xc75a908ce0c4a039!8m2!3d44.4411555!4d26.0871495?hl=en"
157,Hai LaGratar,"Strada Pravăț 2, București 061344",,C2FV+QX Bucharest,4.3,154,"https://www.google.com/maps/place/Hai+LaGratar/@44.4244317,25.9048859,11z/data=!4m9!1m3!2m2!1sRestaurants!6e5!3m4!1s0x40b201cd57815955:0x3d66216721b8f641!8m2!3d44.4244317!4d26.0449616?hl=en"
158,SWITCH.eat,"Strada Horei 34, București 021378",switcheat.ro,C4VF+3R Bucharest,4.5,"1,804","https://www.google.com/maps/place/SWITCH.eat/@44.4349028,26.1482996,11z/data=!4m9!1m3!2m2!1sRestaurants!6e5!3m4!1s0x40b1ff32bcaf9b65:0x69dc493966043b70!8m2!3d44.442679!4d26.124503?hl=en"
159,Barca,"nr., Strada Pictor Barbu Iscovescu 19, București",restaurantbarca.ro,F38Q+9R Bucharest,4.5,267,"https://www.google.com/maps/place/Barca/@44.4349028,26.1482996,11z/data=!4m9!1m3!2m2!1sRestaurants!6e5!3m4!1s0x40b1f8b4b0b566cf:0x3dec099edf509bfe!8m2!3d44.465936!4d26.089549?hl=en"
160,Taverna La Zavat - Restaurant Grecesc & Mancare Greceasca,"Strada Popa Nan 16, București 030167",taverna-lazavat.ro,C4QF+58 Bucharest,4.2,605,"https://www.google.com/maps/place/Taverna+La+Zavat+-+Restaurant+Grecesc+%26+Mancare+Greceasca/@44.4349028,26.1482996,11z/data=!4m9!1m3!2m2!1sRestaurants!6e5!3m4!1s0x40b1ff2e132cb559:0xd32fd1b99cffd568!8m2!3d44.4379612!4d26.1232962?hl=en"
161,Mesopotamia,"Strada Mihail Sebastian 88, București",,C39C+4R Bucharest,4.3,494,"https://www.google.com/maps/place/Mesopotamia/@44.434607,25.9715512,10z/data=!3m1!5s0x40b1ff77da5044d7:0x8539bf0efeeaeddc!4m9!1m3!2m2!1sRestaurants!6e5!3m4!1s0x40b1ff77c2b4b467:0xd44d0478918bb537!8m2!3d44.4177549!4d26.0720244?hl=en"
162,Restaurant Provence,"Bulevardul Alexandru Obregia 25, București 041727",restaurantprovence.ro,94M8+3C Bucharest,4.1,571,"https://www.google.com/maps/place/Restaurant+Provence/@44.434607,25.9715512,10z/data=!4m9!1m3!2m2!1sRestaurants!6e5!3m4!1s0x40b1fe15ebb61081:0x75df3e886ba8aa4f!8m2!3d44.3827393!4d26.1160541?hl=en"
163,Nan Jing,"Strada Gheorghe Manu, București",restaurantnanjing.ro,C3XR+QF Bucharest,4.1,286,"https://www.google.com/maps/place/Nan+Jing/@44.434607,25.9715512,10z/data=!4m9!1m3!2m2!1sRestaurants!6e5!3m4!1s0x40b1ff548aa2e2e5:0xeeef90f6c63a4509!8m2!3d44.449381!4d26.091201?hl=en"
164,Il Giardino,"și Parcul Alexandru Ioan Cuza, București, Strada Principatele Unite nr. 38-40, București 030167",restaurantilgiardino.ro,C3FX+5H Bucharest,3.8,283,"https://www.google.com/maps/place/Il+Giardino/@44.434607,25.9715512,10z/data=!4m9!1m3!2m2!1sRestaurants!6e5!3m4!1s0x40b1feb8302cd7f7:0x7a228e2e7ee81820!8m2!3d44.4229677!4d26.0989569?hl=en"
165,Gargantua in the Park,"Strada Jean-Louis Calderon 69, București 020039",restaurantgargantua.ro,C4V3+7R Bucharest,4.2,536,"https://www.google.com/maps/place/Gargantua+in+the+Park/@44.434607,25.9715512,10z/data=!4m9!1m3!2m2!1sRestaurants!6e5!3m4!1s0x40b1ff496790c797:0xf2554fc29f791099!8m2!3d44.4431258!4d26.1045249?hl=en"
166,Haveli Pakistani/indian Restaurant,"nr, Strada Episcopul Radu 3, București 020751",haveli.ro,C4V9+W3 Bucharest,4.5,649,"https://www.google.com/maps/place/Haveli+Pakistani%2Findian+Restaurant/@44.434607,25.9715512,10z/data=!4m9!1m3!2m2!1sRestaurants!6e5!3m4!1s0x40b1ff34ca6d9a75:0x4f1260a79c4daa18!8m2!3d44.4448458!4d26.1176808?hl=en"
167,Rustic Restaurant,"Strada Valea Oltului 113-115, București 061973",restaurantul-rustic.ro,C297+29 Bucharest,4.3,662,"https://www.google.com/maps/place/Rustic+Restaurant/@44.434607,25.9715512,10z/data=!4m9!1m3!2m2!1sRestaurants!6e5!3m4!1s0x40b200446cab7e93:0xf9c546f2a2bf235b!8m2!3d44.4175156!4d26.0134564?hl=en"
168,Casa di David,"Șoseaua Nordului 1D, București 014101",casadidavid.ro,F3GQ+7W Bucharest,4.4,579,"https://www.google.com/maps/place/Casa+di+David/@44.434607,25.9715512,10z/data=!4m9!1m3!2m2!1sRestaurants!6e5!3m4!1s0x40b1ff40852f4735:0x74c857564926f4fa!8m2!3d44.475727!4d26.089752?hl=en"
169,Brutal Russian Pancakes,"Splaiul Independenței 2J, București 030167",,C3HX+W7 Bucharest,4.7,331,"https://www.google.com/maps/place/Brutal+Russian+Pancakes/@44.434607,25.9715512,10z/data=!4m9!1m3!2m2!1sRestaurants!6e5!3m4!1s0x40b2025be1bf8c1f:0x5fdc418217f4e9dc!8m2!3d44.4298089!4d26.0981405?hl=en"
170,Vu's Rooftop Restaurant,"Splaiul Unirii, nr. 6, bloc B3A, etaj 8, București 030167",vus.ro,C4G4+6P Bucharest,4,180,"https://www.google.com/maps/place/Vu's+Rooftop+Restaurant/@44.434607,25.9715512,10z/data=!4m9!1m3!2m2!1sRestaurants!6e5!3m4!1s0x40b1ff1774ada18f:0x68915b326fdb4158!8m2!3d44.425543!4d26.106787?hl=en"
171,Lacrimi și Sfinți,"Strada Șepcari 16, București 030167",lacrimisisfinti.com,C4J3+64 Bucharest,4.2,"2,544","https://www.google.com/maps/place/Lacrimi+%C8%99i+Sfin%C8%9Bi/@44.434607,25.9715512,10z/data=!4m9!1m3!2m2!1sRestaurants!6e5!3m4!1s0x40b1ff3e4a1aaaab:0xadbf0152d2c5b88f!8m2!3d44.4305753!4d26.1028397?hl=en"
172,Presto Pizza Rahova,"Strada Mărgeanului 39, București",presto-pizza.ro,C345+P9 Bucharest,4,109,"https://www.google.com/maps/place/Presto+Pizza+Rahova/@44.434607,25.9715512,10z/data=!4m9!1m3!2m2!1sRestaurants!6e5!3m4!1s0x40b1ff70118ec945:0x53b0317c65a1948c!8m2!3d44.4068528!4d26.0583955?hl=en"
173,Roberto's on La Strada,"Calea Victoriei 104, București 030167",robertos.ro,C3RW+H5 Bucharest,3.8,79,"https://www.google.com/maps/place/Roberto's+on+La+Strada/@44.434607,25.9715512,10z/data=!4m9!1m3!2m2!1sRestaurants!6e5!3m4!1s0x40b1ff4f8c8ea4f7:0xeaccf520475f07ae!8m2!3d44.441456!4d26.0954229?hl=en"
174,Beautyfood,"Strada Jean-Louis Calderon 32, București 020934",beauty-food.ro,C4Q4+P2 Bucharest,4.5,274,"https://www.google.com/maps/place/Beautyfood/@44.434607,25.9715512,10z/data=!4m9!1m3!2m2!1sRestaurants!6e5!3m4!1s0x40b1ff4813d1edfb:0x9c66cdd33360a563!8m2!3d44.4393596!4d26.1051107?hl=en"
175,Trattoria La Famiglia,"Strada Nicolae Golescu 14, București 030167",,C3RX+J4 Bucharest,3.7,260,"https://www.google.com/maps/place/Trattoria+La+Famiglia/@44.434607,25.9715512,10z/data=!4m9!1m3!2m2!1sRestaurants!6e5!3m4!1s0x40b1ff4f0cc9328b:0x11c65b1edb532659!8m2!3d44.4415938!4d26.0977975?hl=en"
176,Avalon,"Calea Dorobanți 5-7, București 030167",,C3WX+GP Bucharest,4.5,8,"https://www.google.com/maps/place/Avalon/@44.434607,25.9715512,10z/data=!4m9!1m3!2m2!1sRestaurants!6e5!3m4!1s0x40b1ff4d93f32953:0x236aa94e7651a3db!8m2!3d44.4463502!4d26.0993384?hl=en"
177,Casa Oamenilor de Știință,"Piața Lahovari 9, București 030167",cos-restaurant-bucuresti.ro,C3WX+8J Bucharest,3.9,320,"https://www.google.com/maps/place/Casa+Oamenilor+de+%C8%98tiin%C8%9B%C4%83/@44.434607,25.9715512,10z/data=!4m9!1m3!2m2!1sRestaurants!6e5!3m4!1s0x40b1ff4de9a804eb:0x58d2c9cbb7bb57f8!8m2!3d44.4457826!4d26.0991135?hl=en"
178,Speed Pizza Cora Alexandria,"Șoseaua Alexandriei nr.151, București 051527",speedpizza.ro,92XV+5H Bucharest,3.1,29,"https://www.google.com/maps/place/Speed+Pizza+Cora+Alexandria/@44.434607,25.9715512,10z/data=!4m9!1m3!2m2!1sRestaurants!6e5!3m4!1s0x40b1fff3f8cbfddd:0xe63ae1a6067d2ec6!8m2!3d44.397878!4d26.043952?hl=en"
179,Hug Cafe,"Bulevardul Schitu Măgureanu 6, București 030167",facebook.com,C3MQ+JW Bucharest,4.3,367,"https://www.google.com/maps/place/Hug+Cafe/@44.434607,25.9715512,10z/data=!4m9!1m3!2m2!1sRestaurants!6e5!3m4!1s0x40b1ff42589196bd:0x664104042cdffea6!8m2!3d44.434071!4d26.0898739?hl=en"
180,Relais & Châteaux Bistro Ateneu,"Strada Nicolae Golescu nr. 18, București 010292",bistroateneu.ro,C3RX+R2 Bucharest,4.8,44,"https://www.google.com/maps/place/Relais+%26+Ch%C3%A2teaux+Bistro+Ateneu/@44.434607,25.9715512,10z/data=!4m9!1m3!2m2!1sRestaurants!6e5!3m4!1s0x40b1ff5b44ed8f6b:0xd494171a49bf0d16!8m2!3d44.4420596!4d26.0975649?hl=en"
181,White Horse,"Strada George Călinescu 4 A, București 011693",whitehorse.ro,F36W+J5 Bucharest,4.4,620,"https://www.google.com/maps/place/White+Horse/@44.434607,25.9715512,10z/data=!4m9!1m3!2m2!1sRestaurants!6e5!3m4!1s0x40b2020813473e07:0x8fb1f85d6fe042ed!8m2!3d44.4615399!4d26.0954613?hl=en"
182,Grivita Pub&Grill,"Calea Griviței 130, București",facebook.com,C3WH+Q6 Bucharest,4.5,686,"https://www.google.com/maps/place/Grivita+Pub%26Grill/@44.434607,25.9715512,10z/data=!4m9!1m3!2m2!1sRestaurants!6e5!3m4!1s0x40b201fceff30fa3:0xa4275aac9c7fc944!8m2!3d44.4469589!4d26.0780048?hl=en"
183,CAVA bistronomie,"Calea Floreasca 91-111, București 014455",cavabistro.ro,F452+Q6 Bucharest,4.5,192,"https://www.google.com/maps/place/CAVA+bistronomie/@44.434607,25.9715512,10z/data=!4m9!1m3!2m2!1sRestaurants!6e5!3m4!1s0x40b1f8a89da6cd3f:0xe1367a5ae569e2a5!8m2!3d44.4594941!4d26.1005316?hl=en"
184,Estrada,"Strada Nițu Vasile 9, București",restaurantestrada.ro,94Q9+XP Bucharest,4,368,"https://www.google.com/maps/place/Estrada/@44.434607,25.9715512,10z/data=!4m9!1m3!2m2!1sRestaurants!6e5!3m4!1s0x40b1fe41f2081f3d:0x2fd50c3afa07078d!8m2!3d44.3899545!4d26.1193648?hl=en"
185,Kaiamo,"Strada Ermil Pangratti 30A, București 011884",kaiamo.com,F37Q+JH Bucharest,4.8,185,"https://www.google.com/maps/place/Kaiamo/@44.434607,25.9715512,10z/data=!4m9!1m3!2m2!1sRestaurants!6e5!3m4!1s0x40b2020f05500001:0x8bfc76088f7d0184!8m2!3d44.4640046!4d26.0889639?hl=en"
186,Mahalaua Caramidarilor Restaurant,"Strada Cărămidarii de Jos nr 14, București",mahalauacaramidarilor.ro,C458+W2 Bucharest,4.4,234,"https://www.google.com/maps/place/Mahalaua+Caramidarilor+Restaurant/@44.434607,25.9715512,10z/data=!4m9!1m3!2m2!1sRestaurants!6e5!3m4!1s0x40b1ff7fc8e9c375:0xe3dd449447df5baf!8m2!3d44.4098444!4d26.1150188?hl=en"
187,Casa Universitarilor,"Strada Dionisie Lupu 46, București 030167",unibuc.ro,C4R2+VV Bucharest,4.2,677,"https://www.google.com/maps/place/Casa+Universitarilor/@44.434607,25.9715512,10z/data=!4m9!1m3!2m2!1sRestaurants!6e5!3m4!1s0x40b1ff492e65112b:0x417fbe55c4b9db76!8m2!3d44.4421282!4d26.1021573?hl=en"
188,"Pikandy Plus, Pizza Sector 5","Strada Mihail Sebastian 1-3, București 052034",pikandyplus.ro,C37F+66 Bucharest,3.9,87,"https://www.google.com/maps/place/Pikandy+Plus,+Pizza+Sector+5/@44.434607,25.9715512,10z/data=!4m9!1m3!2m2!1sRestaurants!6e5!3m4!1s0x40b1ff9c1feba901:0x48974eaaff5086cc!8m2!3d44.4130853!4d26.0730306?hl=en"
189,La Mama,"Bulevardul Regina Elisabeta 11, București 030167",lamama.ro,C3MX+WQ Bucharest,3.9,950,"https://www.google.com/maps/place/La+Mama/@44.434607,25.9715512,10z/data=!4m9!1m3!2m2!1sRestaurants!6e5!3m4!1s0x40b1ff40cdbe6187:0x22c6e84ede086bc0!8m2!3d44.4347988!4d26.0994092?hl=en"
190,The Embassy,"Piaţa Lahovari 8, București 030167",embassy-one.ro,C3WX+5Q Bucharest,4.3,"2,117","https://www.google.com/maps/place/The+Embassy/@44.434607,25.9715512,10z/data=!4m9!1m3!2m2!1sRestaurants!6e5!3m4!1s0x40b1ff4dc341c3eb:0x77c765940d16a0ed!8m2!3d44.4454902!4d26.0994981?hl=en"
191,Restaurant Nisa Magurele,"Strada Alunișului 323, București 077120",business.site,93RW+6M Bucharest,4.1,12,"https://www.google.com/maps/place/Restaurant+Nisa+Magurele/@44.434607,25.9715512,10z/data=!4m9!1m3!2m2!1sRestaurants!6e5!3m4!1s0x40ae004155555555:0x398dca314845d114!8m2!3d44.390592!4d26.0966395?hl=en"
192,La Vitrine,"Strada Barbu Văcărescu 164 A, București 020285",facebook.com,F4F5+RH Bucharest,4.7,153,"https://www.google.com/maps/place/La+Vitrine/@44.434607,25.9715512,10z/data=!4m9!1m3!2m2!1sRestaurants!6e5!3m4!1s0x40b20277cd4c9fa5:0x1fe1879b975e78ca!8m2!3d44.474586!4d26.108922?hl=en"
193,Cherhanaua Ancora,"Șoseaua Nordului 7-9, București 014101",ancora-cherhana.ro,F3HH+2X Bucharest,4.3,654,"https://www.google.com/maps/place/Cherhanaua+Ancora/@44.434607,25.9715512,10z/data=!4m9!1m3!2m2!1sRestaurants!6e5!3m4!1s0x40b20241c7eef559:0x29122791caafbb46!8m2!3d44.4776!4d26.079886?hl=en"
194,Berăria H,"Şoseaua Pavel D. Kiseleff 32, București 011343",berariah.ro,F3GG+M9 Bucharest,4.1,"5,199","https://www.google.com/maps/place/Ber%C4%83ria+H/@44.434607,25.9715512,10z/data=!4m9!1m3!2m2!1sRestaurants!6e5!3m4!1s0x40b202408c05fcc7:0xd9e8b4be59fd54a9!8m2!3d44.476641!4d26.075939?hl=en"
195,La Mama,"Strada Barbu Văcărescu 3, București",lamama.ro,F433+9R Bucharest,4,400,"https://www.google.com/maps/place/La+Mama/@44.434607,25.9715512,10z/data=!4m9!1m3!2m2!1sRestaurants!6e5!3m4!1s0x40b1f8adfe39d795:0xa8e661525c8a7379!8m2!3d44.4534749!4d26.1045751?hl=en"
196,Trattoria Belvedere,"Strada Eustatiu Mihail General 31, București 052157",trattoriabelvedere.ro,C35H+7X Bucharest,3.7,134,"https://www.google.com/maps/place/Trattoria+Belvedere/@44.434607,25.9715512,10z/data=!4m9!1m3!2m2!1sRestaurants!6e5!3m4!1s0x40b1ffa2fdc49fa7:0xe377ec9b6237edd6!8m2!3d44.4081396!4d26.0798886?hl=en"
197,Shift Pub,"Strada General Eremia Grigorescu 17, București 030167",shiftpub.ro,C4V2+XJ Bucharest,4.6,"2,679","https://www.google.com/maps/place/Shift+Pub/@44.434607,25.9715512,10z/data=!4m9!1m3!2m2!1sRestaurants!6e5!3m4!1s0x40b1ff4c18427699:0x5d3c3d0c0ee49c9e!8m2!3d44.4449361!4d26.1016247?hl=en"
198,Gargantua D'oro,"Strada Locotenent Aviator Șerban Petrescu 8, București 011892",restaurantgargantua.ro,F36V+RM Bucharest,4.3,289,"https://www.google.com/maps/place/Gargantua+D'oro/@44.434607,25.9715512,10z/data=!4m9!1m3!2m2!1sRestaurants!6e5!3m4!1s0x40b202085e114699:0x77b6e75561d2d9a9!8m2!3d44.462114!4d26.0942466?hl=en"
199,City Grill Covaci,"Strada Covaci 19, București 030167",citygrill.ro,C4J3+52 Bucharest,4.3,"2,227","https://www.google.com/maps/place/City+Grill+Covaci/@44.434607,25.9715512,10z/data=!4m9!1m3!2m2!1sRestaurants!6e5!3m4!1s0x40b1ff3e379466ad:0xcd718956e221505a!8m2!3d44.4304028!4d26.1026109?hl=en"
200,15A,"Strada General Constantin Coandă 15A, București 010646",facebook.com,F32V+93 Bucharest,4.5,96,"https://www.google.com/maps/place/15A/@44.434607,25.9715512,10z/data=!4m9!1m3!2m2!1sRestaurants!6e5!3m4!1s0x40b1ff54c823d907:0xdf299fcdab9795a2!8m2!3d44.450931!4d26.092627?hl=en"
201,Trattoria Belvedere,"Strada Eustatiu Mihail General 31, București 052157",trattoriabelvedere.ro,C35H+7X Bucharest,3.7,134,"https://www.google.com/maps/place/Trattoria+Belvedere/@44.4081396,25.9398129,11z/data=!4m9!1m3!2m2!1sRestaurants!6e5!3m4!1s0x40b1ffa2fdc49fa7:0xe377ec9b6237edd6!8m2!3d44.4081396!4d26.0798886?hl=en"
202,Shift Pub,"Strada General Eremia Grigorescu 17, București 030167",shiftpub.ro,C4V2+XJ Bucharest,4.6,"2,679","https://www.google.com/maps/place/Shift+Pub/@44.4349028,26.1482996,11z/data=!4m9!1m3!2m2!1sRestaurants!6e5!3m4!1s0x40b1ff4c18427699:0x5d3c3d0c0ee49c9e!8m2!3d44.4449361!4d26.1016247?hl=en"
203,Gargantua D'oro,"Strada Locotenent Aviator Șerban Petrescu 8, București 011892",restaurantgargantua.ro,F36V+RM Bucharest,4.3,289,"https://www.google.com/maps/place/Gargantua+D'oro/@44.4349028,26.1482996,11z/data=!4m9!1m3!2m2!1sRestaurants!6e5!3m4!1s0x40b202085e114699:0x77b6e75561d2d9a9!8m2!3d44.462114!4d26.0942466?hl=en"
204,La Vitrine,"Strada Barbu Văcărescu 164 A, București 020285",facebook.com,F4F5+RH Bucharest,4.7,153,"https://www.google.com/maps/place/La+Vitrine/@44.4349028,26.1482996,11z/data=!4m9!1m3!2m2!1sRestaurants!6e5!3m4!1s0x40b20277cd4c9fa5:0x1fe1879b975e78ca!8m2!3d44.474586!4d26.108922?hl=en"
205,15A,"Strada General Constantin Coandă 15A, București 010646",facebook.com,F32V+93 Bucharest,4.5,96,"https://www.google.com/maps/place/15A/@44.4349028,26.1482996,11z/data=!4m9!1m3!2m2!1sRestaurants!6e5!3m4!1s0x40b1ff54c823d907:0xdf299fcdab9795a2!8m2!3d44.450931!4d26.092627?hl=en"
206,Blue Margarita,"Strada Mihai Eminescu 188, București 020085",bluemargarita.ro,C4W7+JG Bucharest,4.7,587,"https://www.google.com/maps/place/Blue+Margarita/@44.4349028,26.1482996,11z/data=!4m9!1m3!2m2!1sRestaurants!6e5!3m4!1s0x40b1f8b5567fa9b1:0x9dccb661c627d94d!8m2!3d44.446609!4d26.113803?hl=en"
207,Ressu Restaurant & Lounge,"Bulevardul Camil Ressu 70A, București 077160",ressu.ro,C575+7V Bucharest,4,463,"https://www.google.com/maps/place/Ressu+Restaurant+%26+Lounge/@44.4349028,26.1482996,11z/data=!4m9!1m3!2m2!1sRestaurants!6e5!3m4!1s0x40b1fe982eae6a5d:0x77721c3970978fd8!8m2!3d44.4132012!4d26.1596334?hl=en"
208,Cofetarie Raw Vegan - Sublimmme,"Splaiul Independentei NR 2F, București 030099",sublimmme.ro,C3HX+WM Bucharest,4.4,336,"https://www.google.com/maps/place/Cofetarie+Raw+Vegan+-+Sublimmme/@44.4349028,26.1482996,11z/data=!4m9!1m3!2m2!1sRestaurants!6e5!3m4!1s0x40b1ff053e2abe17:0x70c10a35f7363a41!8m2!3d44.4297546!4d26.0991707?hl=en"
209,Le Vivier,"Strada Puțul lui Zamfir 22-24, București 011683",levivier.ro,F36W+8H Bucharest,4.6,54,"https://www.google.com/maps/place/Le+Vivier/@44.4349028,26.1482996,11z/data=!4m9!1m3!2m2!1sRestaurants!6e5!3m4!1s0x40b20208029ac581:0xd1d66ab9295ef449!8m2!3d44.4608289!4d26.0964744?hl=en"
210,Caru' cu bere,"Strada Stavropoleos 5, București 030081",carucubere.ro,C3JX+R7 Bucharest,4.3,"20,699","https://www.google.com/maps/place/Caru'+cu+bere/@44.4349028,26.1482996,11z/data=!4m9!1m3!2m2!1sRestaurants!6e5!3m4!1s0x40b1ff406bde77c1:0xca85c319d658a754!8m2!3d44.4320697!4d26.098152?hl=en"
211,NOR,"Calea Floreasca 246D, București 014476",norbucharest.ro,F4H3+7V Bucharest,4.5,156,"https://www.google.com/maps/place/NOR/@44.4349028,26.1482996,11z/data=!4m9!1m3!2m2!1sRestaurants!6e5!3m4!1s0x40b20270a83f1cff:0x42210481d0b1e0fe!8m2!3d44.478157!4d26.1046566?hl=en"
212,Gargantua Anniversaire,"Strada Icoanei 2, București 020456",restaurantgargantua.ro,C4V4+43 Bucharest,4.3,291,"https://www.google.com/maps/place/Gargantua+Anniversaire/@44.4349028,26.1482996,11z/data=!4m9!1m3!2m2!1sRestaurants!6e5!3m4!1s0x40b1ff49058796b5:0xac0819ad06567785!8m2!3d44.4427581!4d26.1051367?hl=en"
213,Zaitoone,"Strada Nicolae Caramfil, București",zaitoone.ro,F3GV+72 Bucharest,4.5,"1,054","https://www.google.com/maps/place/Zaitoone/@44.4349028,26.1482996,11z/data=!4m9!1m3!2m2!1sRestaurants!6e5!3m4!1s0x40b202677fa6fd13:0x719926286d6df03!8m2!3d44.4756364!4d26.092566?hl=en"
214,Vivono Pizza,"Strada Telița, București 051887",vivonopizza.ro,C35F+PR Bucharest,4.3,68,"https://www.google.com/maps/place/Vivono+Pizza/@44.4092582,25.9344898,11z/data=!4m9!1m3!2m2!1sRestaurants!6e5!3m4!1s0x40b1ff985fc1a599:0x95a94988c9616931!8m2!3d44.4092582!4d26.0745655?hl=en"
